order_id,customer_id,status,amount_cents,ordered_at,_loaded_at
1,1,completed,2500,2025-01-02 09:15:00,2025-01-02 10:00:00
2,2,completed,7400,2025-01-04 14:30:00,2025-01-04 15:00:00
3,1,returned,1200,2025-01-07 11:00:00,2025-01-07 12:00:00
4,3,completed,9900,2025-01-08 16:45:00,2025-01-08 17:00:00
5,2,placed,3100,2025-01-10 08:20:00,2025-01-10 09:00:00
6,4,completed,5600,2025-01-12 19:05:00,2025-01-12 20:00:00
7,3,shipped,4300,2025-01-15 13:10:00,2025-01-15 14:00:00
8,4,completed,8800,2025-01-18 10:40:00,2025-01-18 11:00:00
9,1,placed,1500,2025-01-21 17:25:00,2025-01-21 18:00:00
10,2,shipped,6700,2025-01-24 12:00:00,2025-01-24 13:00:00
